{"cameraMode":{"drawMode":0,"name":"Shaded","section":"Shading Mode"},"sceneLighting":false,"audioPlay":false,"sceneViewState":{"m_AlwaysRefresh":false,"showFog":true,"showSkybox":false,"showFlares":true,"showImageEffects":true,"showParticleSystems":true,"showVisualEffectGraphs":true,"m_FxEnabled":true},"in2DMode":false,"pivot":{"x":1.5898075103759766,"y":1.9654333591461182,"z":0.5199792981147766},"rotation":{"x":0.07070621848106384,"y":-0.03590838983654976,"z":0.0025494482833892109,"w":0.9968631863594055},"size":7.544008255004883,"orthographic":false}